code_patient;parametre;valeur;unite;date
PSN-A1B2C3;Glycémie à jeun;0.92;g/L;2026-09-10
PSN-D4E5F6;Glycémie à jeun;0.95;g/L;2026-09-10
PSN-G7H8I9;Glycémie à jeun;0.89;g/L;2026-09-11
PSN-J1K2L3;Glycémie à jeun;0.91;g/L;2026-09-11
PSN-M4N5O6;Glycémie à jeun;0.93;g/L;2026-09-12
PSN-P7Q8R9;Glycémie à jeun;0.90;g/L;2026-09-12
PSN-S1T2U3;Glycémie à jeun;0.94;g/L;2026-09-13
PSN-V4W5X6;Glycémie à jeun;0.88;g/L;2026-09-13
PSN-Y7Z8A9;Glycémie à jeun;0.96;g/L;2026-09-14
PSN-B1C2D3;Glycémie à jeun;0.91;g/L;2026-09-14
PSN-E4F5G6;Glycémie à jeun;0.92;g/L;2026-09-15
PSN-H7I8J9;Glycémie à jeun;0.89;g/L;2026-09-15
PSN-K1L2M3;Glycémie à jeun;0.93;g/L;2026-09-16
PSN-N4O5P6;Glycémie à jeun;0.90;g/L;2026-09-16
PSN-Q7R8S9;Glycémie à jeun;0.94;g/L;2026-09-17
PSN-T1U2V3;Glycémie à jeun;0.91;g/L;2026-09-17
PSN-W4X5Y6;Glycémie à jeun;0.88;g/L;2026-09-18
PSN-Z7A8B9;Glycémie à jeun;0.95;g/L;2026-09-18
PSN-C1D2E3;Glycémie à jeun;0.92;g/L;2026-09-19
PSN-F4G5H6;Glycémie à jeun;0.90;g/L;2026-09-19
PSN-I7J8K9;Glycémie à jeun;0.93;g/L;2026-09-20
PSN-L1M2N3;Glycémie à jeun;1.18;g/L;2026-09-20
PSN-O4P5Q6;Glycémie à jeun;1.19;g/L;2026-09-21
PSN-R7S8T9;Glycémie à jeun;0.91;g/L;2026-09-21
PSN-U1V2W3;Glycémie à jeun;0.89;g/L;2026-09-22
